,[OVERALL] Throughput(ops/sec),[TOTAL_GCS_G1_Young_Generation] Count,[TOTAL_GC_TIME_G1_Young_Generation] Time(ms),[TOTAL_GC_TIME_%_G1_Young_Generation] Time(%),[TOTAL_GCS_G1_Old_Generation] Count,[TOTAL_GC_TIME_G1_Old_Generation] Time(ms),[TOTAL_GC_TIME_%_G1_Old_Generation] Time(%),[TOTAL_GCs] Count,[TOTAL_GC_TIME] Time(ms),[TOTAL_GC_TIME_%] Time(%),[READ] Operations,[READ] AverageLatency(us),[READ] MinLatency(us),[READ] MaxLatency(us),[READ] 95thPercentileLatency(us),[READ] 99thPercentileLatency(us),[READ] Return=OK,[CLEANUP] Operations,[CLEANUP] AverageLatency(us),[CLEANUP] MinLatency(us),[CLEANUP] MaxLatency(us),[CLEANUP] 95thPercentileLatency(us),[CLEANUP] 99thPercentileLatency(us),database,num_nodes,i,read_proportion,write_proportion,id,[UPDATE] Operations,[UPDATE] AverageLatency(us),[UPDATE] MinLatency(us),[UPDATE] MaxLatency(us),[UPDATE] 95thPercentileLatency(us),[UPDATE] 99thPercentileLatency(us),[UPDATE] Return=OK
0,,0.0,0.0,0.0,0.0,0.0,0.0,0.0,0.0,0.0,80.0,488.8875,96.0,21519.0,367.0,1020.0,80.0,1.0,1578.0,1578.0,1578.0,1578.0,1578.0,redis,5,2,0.1,0.9,2-0.1-0.9-5-redis,920.0,233.79021739130437,90.0,13479.0,377.0,580.0,920.0
1,,0.0,0.0,0.0,0.0,0.0,0.0,0.0,0.0,0.0,83.0,461.7710843373494,131.0,21375.0,316.0,443.0,83.0,1.0,1791.0,1791.0,1791.0,1791.0,1791.0,redis,5,0,0.1,0.9,0-0.1-0.9-5-redis,917.0,222.16139585605237,92.0,14439.0,358.0,521.0,917.0
2,,0.0,0.0,0.0,0.0,0.0,0.0,0.0,0.0,0.0,89.0,633.438202247191,90.0,36479.0,541.0,1375.0,89.0,1.0,1066.0,1066.0,1066.0,1066.0,1066.0,redis,3,2,0.1,0.9,2-0.1-0.9-3-redis,911.0,194.79692645444567,78.0,3947.0,410.0,735.0,911.0
3,,0.0,0.0,0.0,0.0,0.0,0.0,0.0,0.0,0.0,91.0,402.6263736263736,89.0,18335.0,411.0,516.0,91.0,1.0,982.0,982.0,982.0,982.0,982.0,redis,3,6,0.1,0.9,6-0.1-0.9-3-redis,909.0,201.25962596259623,74.0,9879.0,349.0,557.0,909.0
4,,0.0,0.0,0.0,0.0,0.0,0.0,0.0,0.0,0.0,91.0,434.2197802197802,100.0,20207.0,318.0,567.0,91.0,1.0,1511.0,1511.0,1511.0,1511.0,1511.0,redis,5,3,0.1,0.9,3-0.1-0.9-5-redis,909.0,223.2101210121012,84.0,12407.0,352.0,540.0,909.0
5,,0.0,0.0,0.0,0.0,0.0,0.0,0.0,0.0,0.0,91.0,504.7362637362637,164.0,23439.0,374.0,764.0,91.0,1.0,1017.0,1017.0,1017.0,1017.0,1017.0,redis,1,6,0.1,0.9,6-0.1-0.9-1-redis,909.0,279.16061606160616,134.0,18543.0,480.0,684.0,909.0
6,,0.0,0.0,0.0,0.0,0.0,0.0,0.0,0.0,0.0,92.0,505.8152173913044,91.0,29503.0,340.0,411.0,92.0,1.0,1799.0,1799.0,1799.0,1799.0,1799.0,redis,7,9,0.1,0.9,9-0.1-0.9-7-redis,908.0,187.8502202643172,82.0,3495.0,326.0,519.0,908.0
7,,0.0,0.0,0.0,0.0,0.0,0.0,0.0,0.0,0.0,93.0,431.6881720430108,109.0,19551.0,484.0,662.0,93.0,1.0,1413.0,1413.0,1413.0,1413.0,1413.0,redis,5,7,0.1,0.9,7-0.1-0.9-5-redis,907.0,216.4101433296582,87.0,9911.0,406.0,697.0,907.0
8,,0.0,0.0,0.0,0.0,0.0,0.0,0.0,0.0,0.0,94.0,448.9787234042553,94.0,21583.0,376.0,589.0,94.0,1.0,1427.0,1427.0,1427.0,1427.0,1427.0,redis,5,5,0.1,0.9,5-0.1-0.9-5-redis,906.0,214.77704194260485,79.0,12327.0,360.0,473.0,906.0
9,,0.0,0.0,0.0,0.0,0.0,0.0,0.0,0.0,0.0,94.0,474.5851063829787,93.0,25151.0,468.0,874.0,94.0,1.0,2189.0,2188.0,2189.0,2189.0,2189.0,redis,7,1,0.1,0.9,1-0.1-0.9-7-redis,906.0,202.9955849889625,76.0,10327.0,380.0,552.0,906.0
10,,0.0,0.0,0.0,0.0,0.0,0.0,0.0,0.0,0.0,94.0,568.1808510638298,92.0,33535.0,483.0,747.0,94.0,1.0,2018.0,2018.0,2018.0,2018.0,2018.0,redis,7,8,0.1,0.9,8-0.1-0.9-7-redis,906.0,233.57174392935983,85.0,14119.0,426.0,663.0,906.0
11,,0.0,0.0,0.0,0.0,0.0,0.0,0.0,0.0,0.0,97.0,346.7319587628866,98.0,17119.0,316.0,701.0,97.0,1.0,1170.0,1170.0,1170.0,1170.0,1170.0,redis,3,3,0.1,0.9,3-0.1-0.9-3-redis,903.0,183.79734219269105,85.0,9151.0,320.0,511.0,903.0
12,,0.0,0.0,0.0,0.0,0.0,0.0,0.0,0.0,0.0,97.0,421.1855670103093,94.0,21631.0,437.0,731.0,97.0,1.0,1217.0,1217.0,1217.0,1217.0,1217.0,redis,3,9,0.1,0.9,9-0.1-0.9-3-redis,903.0,207.9734219269103,83.0,9551.0,387.0,519.0,903.0
13,,0.0,0.0,0.0,0.0,0.0,0.0,0.0,0.0,0.0,97.0,515.0103092783505,98.0,29519.0,377.0,487.0,97.0,1.0,1362.0,1362.0,1362.0,1362.0,1362.0,redis,5,4,0.1,0.9,4-0.1-0.9-5-redis,903.0,214.9014396456257,83.0,11247.0,398.0,581.0,903.0
14,,0.0,0.0,0.0,0.0,0.0,0.0,0.0,0.0,0.0,98.0,537.4183673469388,143.0,27567.0,515.0,695.0,98.0,1.0,1092.0,1092.0,1092.0,1092.0,1092.0,redis,1,8,0.1,0.9,8-0.1-0.9-1-redis,902.0,260.27161862527714,113.0,15583.0,468.0,661.0,902.0
15,,0.0,0.0,0.0,0.0,0.0,0.0,0.0,0.0,0.0,98.0,570.8163265306123,149.0,31215.0,518.0,765.0,98.0,1.0,1275.0,1275.0,1275.0,1275.0,1275.0,redis,1,2,0.1,0.9,2-0.1-0.9-1-redis,902.0,238.4811529933481,133.0,1250.0,441.0,588.0,902.0
16,,0.0,0.0,0.0,0.0,0.0,0.0,0.0,0.0,0.0,99.0,558.5757575757576,160.0,25151.0,529.0,644.0,99.0,1.0,1578.0,1578.0,1578.0,1578.0,1578.0,redis,1,4,0.1,0.9,4-0.1-0.9-1-redis,901.0,311.9556048834628,139.0,22319.0,536.0,719.0,901.0
17,,0.0,0.0,0.0,0.0,0.0,0.0,0.0,0.0,0.0,101.0,408.9504950495049,95.0,18543.0,520.0,930.0,101.0,1.0,1537.0,1537.0,1537.0,1537.0,1537.0,redis,5,9,0.1,0.9,9-0.1-0.9-5-redis,899.0,212.76084538375972,82.0,14511.0,342.0,569.0,899.0
18,,0.0,0.0,0.0,0.0,0.0,0.0,0.0,0.0,0.0,101.0,440.4554455445544,87.0,24367.0,340.0,615.0,101.0,1.0,1102.0,1102.0,1102.0,1102.0,1102.0,redis,3,8,0.1,0.9,8-0.1-0.9-3-redis,899.0,196.08120133481648,79.0,11751.0,314.0,482.0,899.0
19,,0.0,0.0,0.0,0.0,0.0,0.0,0.0,0.0,0.0,101.0,474.6732673267327,148.0,19919.0,528.0,933.0,101.0,1.0,996.0,996.0,996.0,996.0,996.0,redis,1,1,0.1,0.9,1-0.1-0.9-1-redis,899.0,291.8042269187987,135.0,18047.0,519.0,680.0,899.0
20,,0.0,0.0,0.0,0.0,0.0,0.0,0.0,0.0,0.0,102.0,392.0980392156863,118.0,20847.0,293.0,338.0,102.0,1.0,1272.0,1272.0,1272.0,1272.0,1272.0,redis,3,0,0.1,0.9,0-0.1-0.9-3-redis,898.0,198.8173719376392,95.0,13247.0,305.0,429.0,898.0
21,,0.0,0.0,0.0,0.0,0.0,0.0,0.0,0.0,0.0,102.0,530.8235294117648,150.0,29247.0,538.0,772.0,102.0,1.0,1086.0,1086.0,1086.0,1086.0,1086.0,redis,1,3,0.1,0.9,3-0.1-0.9-1-redis,898.0,253.6492204899777,135.0,19887.0,521.0,723.0,898.0
22,,0.0,0.0,0.0,0.0,0.0,0.0,0.0,0.0,0.0,103.0,447.5728155339806,146.0,23407.0,442.0,548.0,103.0,1.0,1059.0,1059.0,1059.0,1059.0,1059.0,redis,1,9,0.1,0.9,9-0.1-0.9-1-redis,897.0,244.53288740245264,120.0,16687.0,469.0,616.0,897.0
23,,0.0,0.0,0.0,0.0,0.0,0.0,0.0,0.0,0.0,104.0,539.4423076923077,100.0,27119.0,474.0,837.0,104.0,1.0,2517.0,2516.0,2517.0,2517.0,2517.0,redis,5,6,0.1,0.9,6-0.1-0.9-5-redis,896.0,282.3794642857143,87.0,14151.0,460.0,795.0,896.0
24,,0.0,0.0,0.0,0.0,0.0,0.0,0.0,0.0,0.0,105.0,499.9047619047619,106.0,25743.0,439.0,629.0,105.0,1.0,2027.0,2027.0,2027.0,2027.0,2027.0,redis,7,5,0.1,0.9,5-0.1-0.9-7-redis,895.0,251.28268156424585,87.0,13311.0,449.0,709.0,895.0
25,,0.0,0.0,0.0,0.0,0.0,0.0,0.0,0.0,0.0,106.0,392.9056603773585,91.0,19551.0,394.0,1220.0,106.0,1.0,1509.0,1509.0,1509.0,1509.0,1509.0,redis,5,1,0.1,0.9,1-0.1-0.9-5-redis,894.0,207.35123042505592,81.0,10151.0,366.0,594.0,894.0
26,,0.0,0.0,0.0,0.0,0.0,0.0,0.0,0.0,0.0,106.0,561.0943396226415,157.0,28879.0,593.0,756.0,106.0,1.0,1287.0,1287.0,1287.0,1287.0,1287.0,redis,1,0,0.1,0.9,0-0.1-0.9-1-redis,894.0,290.7158836689038,136.0,20991.0,520.0,685.0,894.0
27,,0.0,0.0,0.0,0.0,0.0,0.0,0.0,0.0,0.0,107.0,399.0280373831776,129.0,21359.0,340.0,478.0,107.0,1.0,2179.0,2178.0,2179.0,2179.0,2179.0,redis,7,7,0.1,0.9,7-0.1-0.9-7-redis,893.0,216.19708846584547,98.0,10935.0,365.0,480.0,893.0
28,,0.0,0.0,0.0,0.0,0.0,0.0,0.0,0.0,0.0,107.0,483.196261682243,94.0,32159.0,359.0,779.0,107.0,1.0,1753.0,1753.0,1753.0,1753.0,1753.0,redis,7,4,0.1,0.9,4-0.1-0.9-7-redis,893.0,202.32474804031355,82.0,15631.0,364.0,577.0,893.0
29,,0.0,0.0,0.0,0.0,0.0,0.0,0.0,0.0,0.0,108.0,451.6203703703704,98.0,21951.0,451.0,874.0,108.0,1.0,1992.0,1992.0,1992.0,1992.0,1992.0,redis,7,6,0.1,0.9,6-0.1-0.9-7-redis,892.0,242.12107623318383,85.0,10231.0,421.0,590.0,892.0
30,,0.0,0.0,0.0,0.0,0.0,0.0,0.0,0.0,0.0,108.0,541.3611111111111,166.0,23791.0,659.0,1249.0,108.0,1.0,2289.0,2288.0,2289.0,2289.0,2289.0,redis,1,5,0.1,0.9,5-0.1-0.9-1-redis,892.0,345.22533632287,143.0,18303.0,614.0,781.0,892.0
31,,0.0,0.0,0.0,0.0,0.0,0.0,0.0,0.0,0.0,109.0,400.6880733944954,98.0,20847.0,349.0,708.0,109.0,1.0,1522.0,1522.0,1522.0,1522.0,1522.0,redis,3,4,0.1,0.9,4-0.1-0.9-3-redis,891.0,220.47138047138048,80.0,10407.0,344.0,645.0,891.0
32,,0.0,0.0,0.0,0.0,0.0,0.0,0.0,0.0,0.0,109.0,637.1926605504588,148.0,42687.0,496.0,707.0,109.0,1.0,1230.0,1230.0,1230.0,1230.0,1230.0,redis,1,7,0.1,0.9,7-0.1-0.9-1-redis,891.0,225.59371492704827,133.0,2447.0,459.0,667.0,891.0
33,,0.0,0.0,0.0,0.0,0.0,0.0,0.0,0.0,0.0,110.0,359.5272727272727,95.0,17631.0,408.0,669.0,110.0,1.0,1102.0,1102.0,1102.0,1102.0,1102.0,redis,3,5,0.1,0.9,5-0.1-0.9-3-redis,890.0,210.7314606741573,80.0,16279.0,375.0,501.0,890.0
34,,0.0,0.0,0.0,0.0,0.0,0.0,0.0,0.0,0.0,110.0,435.2818181818182,103.0,22143.0,444.0,525.0,110.0,1.0,1920.0,1920.0,1920.0,1920.0,1920.0,redis,7,2,0.1,0.9,2-0.1-0.9-7-redis,890.0,240.78988764044945,88.0,15039.0,403.0,565.0,890.0
35,,0.0,0.0,0.0,0.0,0.0,0.0,0.0,0.0,0.0,114.0,537.1666666666666,99.0,27183.0,583.0,1485.0,114.0,1.0,1540.0,1540.0,1540.0,1540.0,1540.0,redis,5,8,0.1,0.9,8-0.1-0.9-5-redis,886.0,281.57900677200905,85.0,14431.0,501.0,769.0,886.0
36,,0.0,0.0,0.0,0.0,0.0,0.0,0.0,0.0,0.0,115.0,378.25217391304346,87.0,21311.0,363.0,531.0,115.0,1.0,1047.0,1047.0,1047.0,1047.0,1047.0,redis,3,7,0.1,0.9,7-0.1-0.9-3-redis,885.0,207.6271186440678,81.0,12599.0,369.0,546.0,885.0
37,,0.0,0.0,0.0,0.0,0.0,0.0,0.0,0.0,0.0,115.0,517.7913043478261,86.0,35039.0,438.0,1030.0,115.0,1.0,1752.0,1752.0,1752.0,1752.0,1752.0,redis,7,3,0.1,0.9,3-0.1-0.9-7-redis,885.0,211.16610169491528,79.0,2785.0,377.0,593.0,885.0
38,,0.0,0.0,0.0,0.0,0.0,0.0,0.0,0.0,0.0,120.0,461.9916666666667,97.0,32831.0,300.0,652.0,120.0,1.0,1131.0,1131.0,1131.0,1131.0,1131.0,redis,3,1,0.1,0.9,1-0.1-0.9-3-redis,880.0,200.35681818181817,83.0,1914.0,348.0,638.0,880.0
39,,0.0,0.0,0.0,0.0,0.0,0.0,0.0,0.0,0.0,122.0,336.6803278688525,87.0,17311.0,319.0,1183.0,122.0,1.0,2059.0,2058.0,2059.0,2059.0,2059.0,redis,7,0,0.1,0.9,0-0.1-0.9-7-redis,878.0,205.17312072892935,81.0,9431.0,344.0,601.0,878.0
40,,0.0,0.0,0.0,0.0,0.0,0.0,0.0,0.0,0.0,455.0,337.38021978021976,140.0,21471.0,482.0,674.0,455.0,1.0,1125.0,1125.0,1125.0,1125.0,1125.0,redis,1,5,0.5,0.5,5-0.5-0.5-1-redis,545.0,345.85688073394493,143.0,22655.0,554.0,662.0,545.0
41,,0.0,0.0,0.0,0.0,0.0,0.0,0.0,0.0,0.0,466.0,425.587982832618,161.0,25935.0,623.0,793.0,466.0,1.0,1043.0,1043.0,1043.0,1043.0,1043.0,redis,1,8,0.5,0.5,8-0.5-0.5-1-redis,534.0,421.2059925093633,156.0,22495.0,615.0,780.0,534.0
42,,0.0,0.0,0.0,0.0,0.0,0.0,0.0,0.0,0.0,470.0,299.19787234042553,90.0,25231.0,423.0,622.0,470.0,1.0,1838.0,1838.0,1838.0,1838.0,1838.0,redis,3,7,0.5,0.5,7-0.5-0.5-3-redis,530.0,279.0264150943396,104.0,10039.0,435.0,625.0,530.0
43,,0.0,0.0,0.0,0.0,0.0,0.0,0.0,0.0,0.0,477.0,277.37316561844864,82.0,30927.0,333.0,507.0,477.0,1.0,1451.0,1451.0,1451.0,1451.0,1451.0,redis,5,7,0.5,0.5,7-0.5-0.5-5-redis,523.0,231.8393881453155,127.0,1900.0,376.0,497.0,523.0
44,,0.0,0.0,0.0,0.0,0.0,0.0,0.0,0.0,0.0,478.0,230.1694560669456,89.0,19327.0,333.0,597.0,478.0,1.0,1847.0,1847.0,1847.0,1847.0,1847.0,redis,7,2,0.5,0.5,2-0.5-0.5-7-redis,522.0,223.8927203065134,98.0,9879.0,364.0,602.0,522.0
45,,0.0,0.0,0.0,0.0,0.0,0.0,0.0,0.0,0.0,480.0,265.25416666666666,80.0,29679.0,367.0,539.0,480.0,1.0,1053.0,1053.0,1053.0,1053.0,1053.0,redis,3,1,0.5,0.5,1-0.5-0.5-3-redis,520.0,260.37115384615385,88.0,14279.0,434.0,612.0,520.0
46,,0.0,0.0,0.0,0.0,0.0,0.0,0.0,0.0,0.0,484.0,297.6404958677686,138.0,17343.0,556.0,874.0,484.0,1.0,1355.0,1355.0,1355.0,1355.0,1355.0,redis,1,4,0.5,0.5,4-0.5-0.5-1-redis,516.0,284.9341085271318,145.0,13087.0,524.0,699.0,516.0
47,,0.0,0.0,0.0,0.0,0.0,0.0,0.0,0.0,0.0,485.0,286.859793814433,145.0,16303.0,454.0,679.0,485.0,1.0,923.0,923.0,923.0,923.0,923.0,redis,1,6,0.5,0.5,6-0.5-0.5-1-redis,515.0,301.70485436893205,159.0,14639.0,503.0,701.0,515.0
48,,0.0,0.0,0.0,0.0,0.0,0.0,0.0,0.0,0.0,486.0,244.7201646090535,77.0,22271.0,360.0,635.0,486.0,1.0,2033.0,2033.0,2033.0,2033.0,2033.0,redis,5,1,0.5,0.5,1-0.5-0.5-5-redis,514.0,238.95525291828795,90.0,10487.0,387.0,675.0,514.0
49,,0.0,0.0,0.0,0.0,0.0,0.0,0.0,0.0,0.0,486.0,248.36831275720164,88.0,23215.0,367.0,520.0,486.0,1.0,2339.0,2338.0,2339.0,2339.0,2339.0,redis,7,6,0.5,0.5,6-0.5-0.5-7-redis,514.0,244.7451361867704,104.0,11775.0,394.0,590.0,514.0
50,,0.0,0.0,0.0,0.0,0.0,0.0,0.0,0.0,0.0,486.0,357.58641975308643,136.0,38783.0,508.0,692.0,486.0,1.0,1091.0,1091.0,1091.0,1091.0,1091.0,redis,1,3,0.5,0.5,3-0.5-0.5-1-redis,514.0,304.4649805447471,141.0,1094.0,565.0,822.0,514.0
51,,0.0,0.0,0.0,0.0,0.0,0.0,0.0,0.0,0.0,486.0,372.4670781893004,145.0,41183.0,518.0,698.0,486.0,1.0,1142.0,1142.0,1142.0,1142.0,1142.0,redis,1,9,0.5,0.5,9-0.5-0.5-1-redis,514.0,299.8171206225681,156.0,1224.0,538.0,633.0,514.0
52,,0.0,0.0,0.0,0.0,0.0,0.0,0.0,0.0,0.0,488.0,329.9405737704918,84.0,35391.0,442.0,636.0,488.0,1.0,1447.0,1447.0,1447.0,1447.0,1447.0,redis,3,4,0.5,0.5,4-0.5-0.5-3-redis,512.0,296.80859375,110.0,6291.0,485.0,738.0,512.0
53,,0.0,0.0,0.0,0.0,0.0,0.0,0.0,0.0,0.0,493.0,276.685598377282,103.0,25167.0,338.0,575.0,493.0,1.0,1407.0,1407.0,1407.0,1407.0,1407.0,redis,3,9,0.5,0.5,9-0.5-0.5-3-redis,507.0,271.8422090729783,111.0,10983.0,345.0,681.0,507.0
54,,0.0,0.0,0.0,0.0,0.0,0.0,0.0,0.0,0.0,493.0,337.3265720081136,124.0,21711.0,470.0,651.0,493.0,1.0,3007.0,3006.0,3007.0,3007.0,3007.0,redis,5,8,0.5,0.5,8-0.5-0.5-5-redis,507.0,349.92899408284023,149.0,13935.0,525.0,808.0,507.0
55,,0.0,0.0,0.0,0.0,0.0,0.0,0.0,0.0,0.0,494.0,219.3886639676113,82.0,20719.0,327.0,514.0,494.0,1.0,1770.0,1770.0,1770.0,1770.0,1770.0,redis,7,3,0.5,0.5,3-0.5-0.5-7-redis,506.0,227.4505928853755,93.0,10239.0,401.0,714.0,506.0
56,,0.0,0.0,0.0,0.0,0.0,0.0,0.0,0.0,0.0,494.0,246.1497975708502,82.0,22463.0,403.0,725.0,494.0,1.0,1195.0,1195.0,1195.0,1195.0,1195.0,redis,3,6,0.5,0.5,6-0.5-0.5-3-redis,506.0,239.22727272727272,91.0,11759.0,424.0,661.0,506.0
57,,0.0,0.0,0.0,0.0,0.0,0.0,0.0,0.0,0.0,494.0,347.3016194331984,92.0,48415.0,453.0,791.0,494.0,1.0,2247.0,2246.0,2247.0,2247.0,2247.0,redis,5,5,0.5,0.5,5-0.5-0.5-5-redis,506.0,276.9387351778656,102.0,3155.0,465.0,980.0,506.0
58,,0.0,0.0,0.0,0.0,0.0,0.0,0.0,0.0,0.0,495.0,325.54343434343434,84.0,49471.0,441.0,812.0,495.0,1.0,2499.0,2498.0,2499.0,2499.0,2499.0,redis,7,4,0.5,0.5,4-0.5-0.5-7-redis,505.0,241.58613861386135,99.0,2695.0,448.0,743.0,505.0
59,,0.0,0.0,0.0,0.0,0.0,0.0,0.0,0.0,0.0,496.0,225.76209677419357,87.0,19039.0,301.0,616.0,496.0,1.0,2141.0,2140.0,2141.0,2141.0,2141.0,redis,7,5,0.5,0.5,5-0.5-0.5-7-redis,504.0,233.49603174603172,99.0,15751.0,314.0,545.0,504.0
60,,0.0,0.0,0.0,0.0,0.0,0.0,0.0,0.0,0.0,497.0,225.6056338028169,90.0,24943.0,306.0,515.0,497.0,1.0,1229.0,1229.0,1229.0,1229.0,1229.0,redis,3,2,0.5,0.5,2-0.5-0.5-3-redis,503.0,204.58648111332008,108.0,2057.0,342.0,588.0,503.0
61,,0.0,0.0,0.0,0.0,0.0,0.0,0.0,0.0,0.0,497.0,269.7907444668008,98.0,24591.0,419.0,720.0,497.0,1.0,2091.0,2090.0,2091.0,2091.0,2091.0,redis,7,9,0.5,0.5,9-0.5-0.5-7-redis,503.0,270.58250497017895,113.0,12887.0,474.0,916.0,503.0
62,,0.0,0.0,0.0,0.0,0.0,0.0,0.0,0.0,0.0,498.0,244.6706827309237,81.0,21007.0,374.0,754.0,498.0,1.0,1515.0,1515.0,1515.0,1515.0,1515.0,redis,5,6,0.5,0.5,6-0.5-0.5-5-redis,502.0,237.18725099601596,88.0,13943.0,388.0,580.0,502.0
63,,0.0,0.0,0.0,0.0,0.0,0.0,0.0,0.0,0.0,498.0,287.14859437751005,92.0,18335.0,418.0,657.0,498.0,1.0,5570.0,5568.0,5571.0,5571.0,5571.0,redis,7,0,0.5,0.5,0-0.5-0.5-7-redis,502.0,303.4482071713147,120.0,9847.0,517.0,758.0,502.0
64,,0.0,0.0,0.0,0.0,0.0,0.0,0.0,0.0,0.0,500.0,229.394,84.0,16847.0,360.0,557.0,500.0,1.0,1487.0,1487.0,1487.0,1487.0,1487.0,redis,5,2,0.5,0.5,2-0.5-0.5-5-redis,500.0,243.824,91.0,9831.0,419.0,685.0,500.0
65,,0.0,0.0,0.0,0.0,0.0,0.0,0.0,0.0,0.0,500.0,279.988,82.0,32831.0,379.0,778.0,500.0,1.0,1376.0,1376.0,1376.0,1376.0,1376.0,redis,3,3,0.5,0.5,3-0.5-0.5-3-redis,500.0,264.948,90.0,13199.0,418.0,890.0,500.0
66,,0.0,0.0,0.0,0.0,0.0,0.0,0.0,0.0,0.0,500.0,282.222,84.0,30911.0,353.0,515.0,500.0,1.0,1558.0,1558.0,1558.0,1558.0,1558.0,redis,5,9,0.5,0.5,9-0.5-0.5-5-redis,500.0,250.81,91.0,2305.0,413.0,671.0,500.0
67,,0.0,0.0,0.0,0.0,0.0,0.0,0.0,0.0,0.0,500.0,288.518,105.0,38143.0,404.0,733.0,500.0,1.0,1631.0,1631.0,1631.0,1631.0,1631.0,redis,3,8,0.5,0.5,8-0.5-0.5-3-redis,500.0,255.552,120.0,3249.0,452.0,998.0,500.0
68,,0.0,0.0,0.0,0.0,0.0,0.0,0.0,0.0,0.0,501.0,247.08582834331335,81.0,24559.0,351.0,549.0,501.0,1.0,1562.0,1562.0,1562.0,1562.0,1562.0,redis,5,3,0.5,0.5,3-0.5-0.5-5-redis,499.0,247.35871743486973,99.0,12151.0,386.0,636.0,499.0
69,,0.0,0.0,0.0,0.0,0.0,0.0,0.0,0.0,0.0,506.0,320.5810276679842,140.0,40895.0,445.0,547.0,506.0,1.0,1058.0,1058.0,1058.0,1058.0,1058.0,redis,1,0,0.5,0.5,0-0.5-0.5-1-redis,494.0,276.7570850202429,152.0,878.0,516.0,599.0,494.0
70,,0.0,0.0,0.0,0.0,0.0,0.0,0.0,0.0,0.0,509.0,207.05304518664047,77.0,14535.0,353.0,579.0,509.0,1.0,1103.0,1103.0,1103.0,1103.0,1103.0,redis,3,0,0.5,0.5,0-0.5-0.5-3-redis,491.0,209.3217922606925,90.0,11367.0,350.0,495.0,491.0
71,,0.0,0.0,0.0,0.0,0.0,0.0,0.0,0.0,0.0,509.0,267.3261296660118,86.0,30463.0,360.0,563.0,509.0,1.0,1893.0,1893.0,1893.0,1893.0,1893.0,redis,7,8,0.5,0.5,8-0.5-0.5-7-redis,491.0,229.29531568228103,111.0,2079.0,377.0,530.0,491.0
72,,0.0,0.0,0.0,0.0,0.0,0.0,0.0,0.0,0.0,510.0,257.9450980392157,81.0,29759.0,342.0,651.0,510.0,1.0,1746.0,1746.0,1746.0,1746.0,1746.0,redis,5,0,0.5,0.5,0-0.5-0.5-5-redis,490.0,230.5469387755102,88.0,11247.0,390.0,549.0,490.0
73,,0.0,0.0,0.0,0.0,0.0,0.0,0.0,0.0,0.0,513.0,336.9863547758285,141.0,17871.0,536.0,813.0,513.0,1.0,1069.0,1069.0,1069.0,1069.0,1069.0,redis,1,2,0.5,0.5,2-0.5-0.5-1-redis,487.0,354.77207392197124,148.0,16111.0,576.0,830.0,487.0
74,,0.0,0.0,0.0,0.0,0.0,0.0,0.0,0.0,0.0,517.0,298.76015473887816,118.0,35519.0,421.0,685.0,517.0,1.0,3221.0,3220.0,3221.0,3221.0,3221.0,redis,7,7,0.5,0.5,7-0.5-0.5-7-redis,483.0,263.2360248447205,113.0,2335.0,469.0,725.0,483.0
75,,0.0,0.0,0.0,0.0,0.0,0.0,0.0,0.0,0.0,519.0,404.2697495183044,136.0,35839.0,607.0,759.0,519.0,1.0,1369.0,1369.0,1369.0,1369.0,1369.0,redis,1,1,0.5,0.5,1-0.5-0.5-1-redis,481.0,384.4074844074844,152.0,1241.0,697.0,949.0,481.0
76,,0.0,0.0,0.0,0.0,0.0,0.0,0.0,0.0,0.0,519.0,420.1579961464354,84.0,61599.0,733.0,1251.0,519.0,1.0,1928.0,1928.0,1928.0,1928.0,1928.0,redis,5,4,0.5,0.5,4-0.5-0.5-5-redis,481.0,356.5010395010395,91.0,4815.0,871.0,1728.0,481.0
77,,0.0,0.0,0.0,0.0,0.0,0.0,0.0,0.0,0.0,525.0,320.14666666666665,144.0,38111.0,471.0,651.0,525.0,1.0,1016.0,1016.0,1016.0,1016.0,1016.0,redis,1,7,0.5,0.5,7-0.5-0.5-1-redis,475.0,267.87368421052633,163.0,1108.0,555.0,730.0,475.0
78,,0.0,0.0,0.0,0.0,0.0,0.0,0.0,0.0,0.0,528.0,268.969696969697,86.0,31935.0,384.0,653.0,528.0,1.0,1126.0,1126.0,1126.0,1126.0,1126.0,redis,3,5,0.5,0.5,5-0.5-0.5-3-redis,472.0,254.2372881355932,86.0,10383.0,419.0,660.0,472.0
79,,0.0,0.0,0.0,0.0,0.0,0.0,0.0,0.0,0.0,548.0,396.8759124087591,81.0,41183.0,705.0,1277.0,548.0,1.0,3211.0,3210.0,3211.0,3211.0,3211.0,redis,7,1,0.5,0.5,1-0.5-0.5-7-redis,452.0,348.5575221238938,90.0,2931.0,778.0,1244.0,452.0
80,,0.0,0.0,0.0,0.0,0.0,0.0,0.0,0.0,0.0,1000.0,190.212,80.0,29151.0,318.0,592.0,1000.0,1.0,2205.0,2204.0,2205.0,2205.0,2205.0,redis,3,8,1.0,0.0,8-1.0-0.0-3-redis,,,,,,,
81,,0.0,0.0,0.0,0.0,0.0,0.0,0.0,0.0,0.0,1000.0,198.371,67.0,29903.0,325.0,522.0,1000.0,1.0,1627.0,1627.0,1627.0,1627.0,1627.0,redis,5,2,1.0,0.0,2-1.0-0.0-5-redis,,,,,,,
82,,0.0,0.0,0.0,0.0,0.0,0.0,0.0,0.0,0.0,1000.0,203.567,71.0,30463.0,347.0,592.0,1000.0,1.0,1356.0,1356.0,1356.0,1356.0,1356.0,redis,3,0,1.0,0.0,0-1.0-0.0-3-redis,,,,,,,
83,,0.0,0.0,0.0,0.0,0.0,0.0,0.0,0.0,0.0,1000.0,204.445,78.0,27135.0,343.0,619.0,1000.0,1.0,1563.0,1563.0,1563.0,1563.0,1563.0,redis,5,1,1.0,0.0,1-1.0-0.0-5-redis,,,,,,,
84,,0.0,0.0,0.0,0.0,0.0,0.0,0.0,0.0,0.0,1000.0,204.709,83.0,30271.0,327.0,480.0,1000.0,1.0,1310.0,1310.0,1310.0,1310.0,1310.0,redis,3,6,1.0,0.0,6-1.0-0.0-3-redis,,,,,,,
85,,0.0,0.0,0.0,0.0,0.0,0.0,0.0,0.0,0.0,1000.0,207.638,81.0,28063.0,307.0,470.0,1000.0,1.0,1494.0,1494.0,1494.0,1494.0,1494.0,redis,3,7,1.0,0.0,7-1.0-0.0-3-redis,,,,,,,
86,,0.0,0.0,0.0,0.0,0.0,0.0,0.0,0.0,0.0,1000.0,213.811,81.0,26671.0,340.0,641.0,1000.0,1.0,1367.0,1367.0,1367.0,1367.0,1367.0,redis,3,2,1.0,0.0,2-1.0-0.0-3-redis,,,,,,,
87,,0.0,0.0,0.0,0.0,0.0,0.0,0.0,0.0,0.0,1000.0,216.656,80.0,36863.0,341.0,531.0,1000.0,1.0,1187.0,1187.0,1187.0,1187.0,1187.0,redis,3,9,1.0,0.0,9-1.0-0.0-3-redis,,,,,,,
88,,0.0,0.0,0.0,0.0,0.0,0.0,0.0,0.0,0.0,1000.0,216.659,79.0,29695.0,378.0,628.0,1000.0,1.0,1637.0,1637.0,1637.0,1637.0,1637.0,redis,5,9,1.0,0.0,9-1.0-0.0-5-redis,,,,,,,
89,,0.0,0.0,0.0,0.0,0.0,0.0,0.0,0.0,0.0,1000.0,221.718,82.0,34207.0,345.0,585.0,1000.0,1.0,1693.0,1693.0,1693.0,1693.0,1693.0,redis,5,0,1.0,0.0,0-1.0-0.0-5-redis,,,,,,,
90,,0.0,0.0,0.0,0.0,0.0,0.0,0.0,0.0,0.0,1000.0,223.105,76.0,32575.0,343.0,550.0,1000.0,1.0,1290.0,1290.0,1290.0,1290.0,1290.0,redis,3,3,1.0,0.0,3-1.0-0.0-3-redis,,,,,,,
91,,0.0,0.0,0.0,0.0,0.0,0.0,0.0,0.0,0.0,1000.0,224.912,77.0,29103.0,379.0,560.0,1000.0,1.0,2325.0,2324.0,2325.0,2325.0,2325.0,redis,5,3,1.0,0.0,3-1.0-0.0-5-redis,,,,,,,
92,,0.0,0.0,0.0,0.0,0.0,0.0,0.0,0.0,0.0,1000.0,226.255,77.0,29663.0,339.0,625.0,1000.0,1.0,1448.0,1448.0,1448.0,1448.0,1448.0,redis,3,1,1.0,0.0,1-1.0-0.0-3-redis,,,,,,,
93,,0.0,0.0,0.0,0.0,0.0,0.0,0.0,0.0,0.0,1000.0,227.487,80.0,32207.0,341.0,607.0,1000.0,1.0,1832.0,1832.0,1832.0,1832.0,1832.0,redis,5,5,1.0,0.0,5-1.0-0.0-5-redis,,,,,,,
94,,0.0,0.0,0.0,0.0,0.0,0.0,0.0,0.0,0.0,1000.0,231.559,80.0,30383.0,390.0,608.0,1000.0,1.0,2199.0,2198.0,2199.0,2199.0,2199.0,redis,7,1,1.0,0.0,1-1.0-0.0-7-redis,,,,,,,
95,,0.0,0.0,0.0,0.0,0.0,0.0,0.0,0.0,0.0,1000.0,231.819,77.0,34847.0,357.0,612.0,1000.0,1.0,1804.0,1804.0,1804.0,1804.0,1804.0,redis,7,2,1.0,0.0,2-1.0-0.0-7-redis,,,,,,,
96,,0.0,0.0,0.0,0.0,0.0,0.0,0.0,0.0,0.0,1000.0,231.938,81.0,25615.0,384.0,584.0,1000.0,1.0,1605.0,1605.0,1605.0,1605.0,1605.0,redis,5,8,1.0,0.0,8-1.0-0.0-5-redis,,,,,,,
97,,0.0,0.0,0.0,0.0,0.0,0.0,0.0,0.0,0.0,1000.0,232.71,79.0,43775.0,338.0,556.0,1000.0,1.0,1450.0,1450.0,1450.0,1450.0,1450.0,redis,5,7,1.0,0.0,7-1.0-0.0-5-redis,,,,,,,
98,,0.0,0.0,0.0,0.0,0.0,0.0,0.0,0.0,0.0,1000.0,235.741,83.0,28015.0,368.0,581.0,1000.0,1.0,2257.0,2256.0,2257.0,2257.0,2257.0,redis,7,3,1.0,0.0,3-1.0-0.0-7-redis,,,,,,,
99,,0.0,0.0,0.0,0.0,0.0,0.0,0.0,0.0,0.0,1000.0,235.915,80.0,30351.0,350.0,583.0,1000.0,1.0,1972.0,1972.0,1972.0,1972.0,1972.0,redis,5,4,1.0,0.0,4-1.0-0.0-5-redis,,,,,,,
100,,0.0,0.0,0.0,0.0,0.0,0.0,0.0,0.0,0.0,1000.0,237.263,84.0,29663.0,361.0,626.0,1000.0,1.0,2603.0,2602.0,2603.0,2603.0,2603.0,redis,7,0,1.0,0.0,0-1.0-0.0-7-redis,,,,,,,
101,,0.0,0.0,0.0,0.0,0.0,0.0,0.0,0.0,0.0,1000.0,251.09,88.0,25775.0,399.0,574.0,1000.0,1.0,3017.0,3016.0,3017.0,3017.0,3017.0,redis,7,5,1.0,0.0,5-1.0-0.0-7-redis,,,,,,,
102,,0.0,0.0,0.0,0.0,0.0,0.0,0.0,0.0,0.0,1000.0,251.825,82.0,37887.0,413.0,765.0,1000.0,1.0,2715.0,2714.0,2715.0,2715.0,2715.0,redis,7,7,1.0,0.0,7-1.0-0.0-7-redis,,,,,,,
103,,0.0,0.0,0.0,0.0,0.0,0.0,0.0,0.0,0.0,1000.0,253.086,80.0,35263.0,389.0,583.0,1000.0,1.0,1573.0,1573.0,1573.0,1573.0,1573.0,redis,3,4,1.0,0.0,4-1.0-0.0-3-redis,,,,,,,
104,,0.0,0.0,0.0,0.0,0.0,0.0,0.0,0.0,0.0,1000.0,256.166,83.0,32671.0,411.0,645.0,1000.0,1.0,3111.0,3110.0,3111.0,3111.0,3111.0,redis,7,4,1.0,0.0,4-1.0-0.0-7-redis,,,,,,,
105,,0.0,0.0,0.0,0.0,0.0,0.0,0.0,0.0,0.0,1000.0,258.943,77.0,30287.0,414.0,729.0,1000.0,1.0,1823.0,1823.0,1823.0,1823.0,1823.0,redis,3,5,1.0,0.0,5-1.0-0.0-3-redis,,,,,,,
106,,0.0,0.0,0.0,0.0,0.0,0.0,0.0,0.0,0.0,1000.0,264.489,81.0,31775.0,433.0,711.0,1000.0,1.0,2565.0,2564.0,2565.0,2565.0,2565.0,redis,7,9,1.0,0.0,9-1.0-0.0-7-redis,,,,,,,
107,,0.0,0.0,0.0,0.0,0.0,0.0,0.0,0.0,0.0,1000.0,275.58,83.0,29519.0,460.0,860.0,1000.0,1.0,1963.0,1963.0,1963.0,1963.0,1963.0,redis,5,6,1.0,0.0,6-1.0-0.0-5-redis,,,,,,,
108,,0.0,0.0,0.0,0.0,0.0,0.0,0.0,0.0,0.0,1000.0,277.765,133.0,39199.0,465.0,673.0,1000.0,1.0,1065.0,1065.0,1065.0,1065.0,1065.0,redis,1,4,1.0,0.0,4-1.0-0.0-1-redis,,,,,,,
109,,0.0,0.0,0.0,0.0,0.0,0.0,0.0,0.0,0.0,1000.0,277.97,136.0,41631.0,457.0,599.0,1000.0,1.0,1093.0,1093.0,1093.0,1093.0,1093.0,redis,1,8,1.0,0.0,8-1.0-0.0-1-redis,,,,,,,
110,,0.0,0.0,0.0,0.0,0.0,0.0,0.0,0.0,0.0,1000.0,278.863,78.0,31391.0,448.0,656.0,1000.0,1.0,1950.0,1950.0,1950.0,1950.0,1950.0,redis,7,8,1.0,0.0,8-1.0-0.0-7-redis,,,,,,,
111,,0.0,0.0,0.0,0.0,0.0,0.0,0.0,0.0,0.0,1000.0,283.526,132.0,35807.0,457.0,672.0,1000.0,1.0,1561.0,1561.0,1561.0,1561.0,1561.0,redis,1,5,1.0,0.0,5-1.0-0.0-1-redis,,,,,,,
112,,0.0,0.0,0.0,0.0,0.0,0.0,0.0,0.0,0.0,1000.0,284.5,138.0,45343.0,522.0,786.0,1000.0,1.0,924.0,924.0,924.0,924.0,924.0,redis,1,3,1.0,0.0,3-1.0-0.0-1-redis,,,,,,,
113,,0.0,0.0,0.0,0.0,0.0,0.0,0.0,0.0,0.0,1000.0,292.895,139.0,34143.0,518.0,724.0,1000.0,1.0,1052.0,1052.0,1052.0,1052.0,1052.0,redis,1,2,1.0,0.0,2-1.0-0.0-1-redis,,,,,,,
114,,0.0,0.0,0.0,0.0,0.0,0.0,0.0,0.0,0.0,1000.0,294.314,146.0,35231.0,522.0,731.0,1000.0,1.0,1251.0,1251.0,1251.0,1251.0,1251.0,redis,1,0,1.0,0.0,0-1.0-0.0-1-redis,,,,,,,
115,,0.0,0.0,0.0,0.0,0.0,0.0,0.0,0.0,0.0,1000.0,298.606,139.0,39647.0,468.0,655.0,1000.0,1.0,1205.0,1205.0,1205.0,1205.0,1205.0,redis,1,7,1.0,0.0,7-1.0-0.0-1-redis,,,,,,,
116,,0.0,0.0,0.0,0.0,0.0,0.0,0.0,0.0,0.0,1000.0,302.184,142.0,42239.0,523.0,700.0,1000.0,1.0,1005.0,1005.0,1005.0,1005.0,1005.0,redis,1,6,1.0,0.0,6-1.0-0.0-1-redis,,,,,,,
117,,0.0,0.0,0.0,0.0,0.0,0.0,0.0,0.0,0.0,1000.0,311.95,142.0,41919.0,518.0,670.0,1000.0,1.0,2673.0,2672.0,2673.0,2673.0,2673.0,redis,1,9,1.0,0.0,9-1.0-0.0-1-redis,,,,,,,
118,,0.0,0.0,0.0,0.0,0.0,0.0,0.0,0.0,0.0,1000.0,312.875,143.0,38943.0,521.0,679.0,1000.0,1.0,1078.0,1078.0,1078.0,1078.0,1078.0,redis,1,1,1.0,0.0,1-1.0-0.0-1-redis,,,,,,,
119,,0.0,0.0,0.0,0.0,0.0,0.0,0.0,0.0,0.0,1000.0,320.063,80.0,49631.0,714.0,1295.0,1000.0,1.0,4470.0,4468.0,4471.0,4471.0,4471.0,redis,7,6,1.0,0.0,6-1.0-0.0-7-redis,,,,,,,
120,437.25404459991256,1.0,5.0,0.2186270222999562,0.0,0.0,0.0,1.0,5.0,0.2186270222999562,100.0,1651.35,893.0,27551.0,2603.0,3491.0,100.0,1.0,5546.0,5544.0,5547.0,5547.0,5547.0,mongodb,7,3,0.1,0.9,3-0.1-0.9-7-mongodb,900.0,1419.9655555555555,764.0,146559.0,2249.0,3201.0,900.0
121,401.7677782241864,1.0,6.0,0.2410606669345118,0.0,0.0,0.0,1.0,6.0,0.2410606669345118,500.0,1725.576,766.0,142207.0,2721.0,3877.0,500.0,1.0,4854.0,4852.0,4855.0,4855.0,4855.0,mongodb,5,3,0.5,0.5,3-0.5-0.5-5-mongodb,500.0,1547.856,774.0,27247.0,2915.0,4143.0,500.0
122,402.09087253719343,1.0,6.0,0.241254523522316,0.0,0.0,0.0,1.0,6.0,0.241254523522316,479.0,1520.624217118998,770.0,30575.0,2709.0,3927.0,479.0,1.0,5566.0,5564.0,5567.0,5567.0,5567.0,mongodb,7,2,0.5,0.5,2-0.5-0.5-7-mongodb,521.0,1755.1401151631478,759.0,148735.0,2745.0,3855.0,521.0
123,414.5936981757877,1.0,6.0,0.2487562189054726,0.0,0.0,0.0,1.0,6.0,0.2487562189054726,83.0,1937.4939759036145,829.0,34367.0,2773.0,3157.0,83.0,1.0,5438.0,5436.0,5439.0,5439.0,5439.0,mongodb,5,3,0.1,0.9,3-0.1-0.9-5-mongodb,917.0,1526.523446019629,670.0,145919.0,2439.0,3605.0,917.0
124,416.1464835622139,1.0,6.0,0.2496878901373283,0.0,0.0,0.0,1.0,6.0,0.2496878901373283,93.0,1754.3655913978494,819.0,29375.0,2465.0,3551.0,93.0,1.0,4990.0,4988.0,4991.0,4991.0,4991.0,mongodb,5,4,0.1,0.9,4-0.1-0.9-5-mongodb,907.0,1450.721058434399,750.0,116031.0,2493.0,4027.0,907.0
125,418.41004184100416,1.0,6.0,0.2510460251046025,0.0,0.0,0.0,1.0,6.0,0.2510460251046025,499.0,1602.4228456913827,704.0,137087.0,2607.0,4059.0,499.0,1.0,9588.0,9584.0,9591.0,9591.0,9591.0,mongodb,5,1,0.5,0.5,1-0.5-0.5-5-mongodb,501.0,1408.934131736527,746.0,27183.0,2545.0,3889.0,501.0
126,419.639110365086,1.0,6.0,0.2517834662190516,0.0,0.0,0.0,1.0,6.0,0.2517834662190516,508.0,1421.6141732283463,788.0,30207.0,2411.0,3345.0,508.0,1.0,5850.0,5848.0,5851.0,5851.0,5851.0,mongodb,7,4,0.5,0.5,4-0.5-0.5-7-mongodb,492.0,1668.2113821138212,794.0,144255.0,2421.0,3429.0,492.0
127,422.8329809725159,1.0,6.0,0.2536997885835095,0.0,0.0,0.0,1.0,6.0,0.2536997885835095,494.0,1627.2631578947369,801.0,144127.0,2515.0,3769.0,494.0,1.0,6398.0,6396.0,6399.0,6399.0,6399.0,mongodb,5,9,0.5,0.5,9-0.5-0.5-5-mongodb,506.0,1362.50395256917,791.0,27327.0,2387.0,3331.0,506.0
128,424.0882103477524,1.0,6.0,0.2544529262086514,0.0,0.0,0.0,1.0,6.0,0.2544529262086514,96.0,1747.8958333333333,874.0,32255.0,2781.0,3755.0,96.0,1.0,6610.0,6608.0,6611.0,6611.0,6611.0,mongodb,7,9,0.1,0.9,9-0.1-0.9-7-mongodb,904.0,1402.3772123893805,746.0,138751.0,2343.0,3591.0,904.0
129,425.89437819420783,1.0,6.0,0.2555366269165247,0.0,0.0,0.0,1.0,6.0,0.2555366269165247,494.0,1624.759109311741,804.0,140927.0,2363.0,3277.0,494.0,1.0,6922.0,6920.0,6923.0,6923.0,6923.0,mongodb,5,0,0.5,0.5,0-0.5-0.5-5-mongodb,506.0,1433.798418972332,770.0,28815.0,2655.0,3501.0,506.0
130,426.4392324093817,1.0,6.0,0.255863539445629,0.0,0.0,0.0,1.0,6.0,0.255863539445629,108.0,1667.462962962963,857.0,29711.0,2707.0,4411.0,108.0,1.0,5522.0,5520.0,5523.0,5523.0,5523.0,mongodb,5,9,0.1,0.9,9-0.1-0.9-5-mongodb,892.0,1421.7589686098654,751.0,130943.0,2315.0,3371.0,892.0
131,426.9854824935952,1.0,6.0,0.2561912894961571,0.0,0.0,0.0,1.0,6.0,0.2561912894961571,109.0,1660.2568807339449,931.0,31247.0,2237.0,2791.0,109.0,1.0,5786.0,5784.0,5787.0,5787.0,5787.0,mongodb,7,2,0.1,0.9,2-0.1-0.9-7-mongodb,891.0,1460.6745230078564,793.0,162687.0,2329.0,3521.0,891.0
132,429.3688278231001,1.0,6.0,0.25762129669386,0.0,0.0,0.0,1.0,6.0,0.25762129669386,498.0,1554.0401606425703,809.0,142847.0,2289.0,3167.0,498.0,1.0,6714.0,6712.0,6715.0,6715.0,6715.0,mongodb,5,7,0.5,0.5,7-0.5-0.5-5-mongodb,502.0,1376.1235059760957,829.0,27599.0,2393.0,3731.0,502.0
133,431.7789291882556,1.0,6.0,0.2590673575129534,0.0,0.0,0.0,1.0,6.0,0.2590673575129534,100.0,1760.66,906.0,31423.0,3027.0,3557.0,100.0,1.0,6134.0,6132.0,6135.0,6135.0,6135.0,mongodb,5,8,0.1,0.9,8-0.1-0.9-5-mongodb,900.0,1449.5977777777778,714.0,152703.0,2169.0,3467.0,900.0
134,431.9654427645788,1.0,6.0,0.2591792656587473,0.0,0.0,0.0,1.0,6.0,0.2591792656587473,482.0,1309.9917012448134,767.0,27823.0,2175.0,2909.0,482.0,1.0,6390.0,6388.0,6391.0,6391.0,6391.0,mongodb,3,0,0.5,0.5,0-0.5-0.5-3-mongodb,518.0,1570.046332046332,807.0,138111.0,2271.0,3665.0,518.0
135,432.9004329004329,1.0,6.0,0.2597402597402597,0.0,0.0,0.0,1.0,6.0,0.2597402597402597,484.0,1563.599173553719,734.0,141311.0,2243.0,3259.0,484.0,1.0,8174.0,8172.0,8175.0,8175.0,8175.0,mongodb,3,4,0.5,0.5,4-0.5-0.5-3-mongodb,516.0,1387.8507751937984,745.0,21903.0,2397.0,3495.0,516.0
136,433.4633723450368,1.0,6.0,0.2600780234070221,0.0,0.0,0.0,1.0,6.0,0.2600780234070221,527.0,1558.043643263757,752.0,126207.0,2657.0,3929.0,527.0,1.0,5822.0,5820.0,5823.0,5823.0,5823.0,mongodb,7,6,0.5,0.5,6-0.5-0.5-7-mongodb,473.0,1391.9048625792811,777.0,31455.0,2445.0,3233.0,473.0
137,434.2162396873643,1.0,6.0,0.2605297438124185,0.0,0.0,0.0,1.0,6.0,0.2605297438124185,485.0,1630.1092783505155,794.0,136831.0,2365.0,3625.0,485.0,1.0,6134.0,6132.0,6135.0,6135.0,6135.0,mongodb,3,1,0.5,0.5,1-0.5-0.5-3-mongodb,515.0,1426.168932038835,786.0,27503.0,2427.0,3599.0,515.0
138,435.16100957354223,1.0,6.0,0.2610966057441253,0.0,0.0,0.0,1.0,6.0,0.2610966057441253,108.0,2883.953703703704,858.0,154495.0,2711.0,5135.0,108.0,1.0,8604.0,8600.0,8607.0,8607.0,8607.0,mongodb,5,0,0.1,0.9,0-0.1-0.9-5-mongodb,892.0,1316.053811659193,719.0,26431.0,2369.0,3815.0,892.0
139,435.35045711798,1.0,6.0,0.2612102742707879,0.0,0.0,0.0,1.0,6.0,0.2612102742707879,105.0,2674.809523809524,860.0,134655.0,2425.0,4947.0,105.0,1.0,5478.0,5476.0,5479.0,5479.0,5479.0,mongodb,7,6,0.1,0.9,6-0.1-0.9-7-mongodb,895.0,1327.5162011173184,731.0,20671.0,2429.0,3373.0,895.0
140,436.4906154517678,1.0,6.0,0.2618943692710607,0.0,0.0,0.0,1.0,6.0,0.2618943692710607,93.0,1713.47311827957,916.0,29023.0,2753.0,3527.0,93.0,1.0,7810.0,7808.0,7811.0,7811.0,7811.0,mongodb,3,0,0.1,0.9,0-0.1-0.9-3-mongodb,907.0,1431.069459757442,721.0,142463.0,2365.0,3317.0,907.0
141,437.06293706293707,1.0,6.0,0.2622377622377622,0.0,0.0,0.0,1.0,6.0,0.2622377622377622,93.0,1694.0,849.0,33343.0,2261.0,3053.0,93.0,1.0,5690.0,5688.0,5691.0,5691.0,5691.0,mongodb,5,1,0.1,0.9,1-0.1-0.9-5-mongodb,907.0,1422.6923925027563,749.0,145407.0,2289.0,3441.0,907.0
142,444.247001332741,1.0,6.0,0.2665482007996446,0.0,0.0,0.0,1.0,6.0,0.2665482007996446,1000.0,1369.57,708.0,143231.0,2339.0,3643.0,1000.0,1.0,6066.0,6064.0,6067.0,6067.0,6067.0,mongodb,5,7,1.0,0.0,7-1.0-0.0-5-mongodb,,,,,,,
143,445.0378282153983,1.0,6.0,0.2670226969292389,0.0,0.0,0.0,1.0,6.0,0.2670226969292389,1000.0,1372.188,708.0,131071.0,2179.0,3595.0,1000.0,1.0,8460.0,8456.0,8463.0,8463.0,8463.0,mongodb,7,8,1.0,0.0,8-1.0-0.0-7-mongodb,,,,,,,
144,454.1326067211626,1.0,6.0,0.2724795640326975,0.0,0.0,0.0,1.0,6.0,0.2724795640326975,1000.0,1336.754,706.0,143999.0,2203.0,3285.0,1000.0,1.0,7438.0,7436.0,7439.0,7439.0,7439.0,mongodb,3,1,1.0,0.0,1-1.0-0.0-3-mongodb,,,,,,,
145,454.7521600727603,1.0,6.0,0.2728512960436562,0.0,0.0,0.0,1.0,6.0,0.2728512960436562,1000.0,1395.173,706.0,127551.0,2381.0,3795.0,1000.0,1.0,5470.0,5468.0,5471.0,5471.0,5471.0,mongodb,3,7,1.0,0.0,7-1.0-0.0-3-mongodb,,,,,,,
146,455.1661356395084,1.0,6.0,0.273099681383705,0.0,0.0,0.0,1.0,6.0,0.273099681383705,1000.0,1351.933,643.0,142975.0,2131.0,3029.0,1000.0,1.0,6698.0,6696.0,6699.0,6699.0,6699.0,mongodb,3,0,1.0,0.0,0-1.0-0.0-3-mongodb,,,,,,,
147,456.41259698767686,1.0,6.0,0.2738475581926061,0.0,0.0,0.0,1.0,6.0,0.2738475581926061,1000.0,1359.417,752.0,148735.0,2251.0,3541.0,1000.0,1.0,4942.0,4940.0,4943.0,4943.0,4943.0,mongodb,7,7,1.0,0.0,7-1.0-0.0-7-mongodb,,,,,,,
148,460.4051565377532,1.0,6.0,0.2762430939226519,0.0,0.0,0.0,1.0,6.0,0.2762430939226519,1000.0,1356.854,619.0,134911.0,2297.0,3553.0,1000.0,1.0,6822.0,6820.0,6823.0,6823.0,6823.0,mongodb,3,3,1.0,0.0,3-1.0-0.0-3-mongodb,,,,,,,
149,471.253534401508,1.0,6.0,0.2827521206409048,0.0,0.0,0.0,1.0,6.0,0.2827521206409048,1000.0,1351.526,670.0,154239.0,2265.0,3633.0,1000.0,1.0,5538.0,5536.0,5539.0,5539.0,5539.0,mongodb,5,8,1.0,0.0,8-1.0-0.0-5-mongodb,,,,,,,
150,479.1566842357451,1.0,6.0,0.287494010541447,0.0,0.0,0.0,1.0,6.0,0.287494010541447,1000.0,1313.745,727.0,123135.0,2267.0,3157.0,1000.0,1.0,6050.0,6048.0,6051.0,6051.0,6051.0,mongodb,3,8,1.0,0.0,8-1.0-0.0-3-mongodb,,,,,,,
151,535.6186395286556,1.0,6.0,0.3213711837171933,0.0,0.0,0.0,1.0,6.0,0.3213711837171933,511.0,1039.4422700587083,466.0,137471.0,1373.0,2097.0,511.0,1.0,5294.0,5292.0,5295.0,5295.0,5295.0,mongodb,1,0,0.5,0.5,0-0.5-0.5-1-mongodb,489.0,849.8282208588957,456.0,27503.0,1325.0,2049.0,489.0
152,543.1830526887561,1.0,6.0,0.3259098316132536,0.0,0.0,0.0,1.0,6.0,0.3259098316132536,117.0,1141.7948717948718,598.0,22239.0,1370.0,2217.0,117.0,1.0,6350.0,6348.0,6351.0,6351.0,6351.0,mongodb,1,9,0.1,0.9,9-0.1-0.9-1-mongodb,883.0,1004.4371460928652,414.0,138111.0,1475.0,2091.0,883.0
153,545.5537370430987,1.0,6.0,0.3273322422258592,0.0,0.0,0.0,1.0,6.0,0.3273322422258592,98.0,1155.1632653061224,478.0,22655.0,1778.0,2889.0,98.0,1.0,4642.0,4640.0,4643.0,4643.0,4643.0,mongodb,1,7,0.1,0.9,7-0.1-0.9-1-mongodb,902.0,958.9722838137473,380.0,126271.0,1577.0,2561.0,902.0
154,569.1519635742743,1.0,6.0,0.3414911781445646,0.0,0.0,0.0,1.0,6.0,0.3414911781445646,502.0,841.1713147410359,427.0,29199.0,1409.0,1985.0,502.0,1.0,5986.0,5984.0,5987.0,5987.0,5987.0,mongodb,1,2,0.5,0.5,2-0.5-0.5-1-mongodb,498.0,1037.5200803212851,464.0,122111.0,1436.0,2271.0,498.0
155,576.3688760806916,1.0,6.0,0.345821325648415,0.0,0.0,0.0,1.0,6.0,0.345821325648415,513.0,813.261208576998,402.0,28447.0,1382.0,2303.0,513.0,1.0,6954.0,6952.0,6955.0,6955.0,6955.0,mongodb,1,5,0.5,0.5,5-0.5-0.5-1-mongodb,487.0,1009.328542094456,416.0,119743.0,1342.0,1954.0,487.0
156,583.0903790087464,1.0,6.0,0.3498542274052478,0.0,0.0,0.0,1.0,6.0,0.3498542274052478,490.0,1008.7224489795918,392.0,123007.0,1430.0,2115.0,490.0,1.0,5622.0,5620.0,5623.0,5623.0,5623.0,mongodb,1,4,0.5,0.5,4-0.5-0.5-1-mongodb,510.0,800.9941176470588,400.0,26127.0,1378.0,2019.0,510.0
157,583.0903790087464,1.0,6.0,0.3498542274052478,0.0,0.0,0.0,1.0,6.0,0.3498542274052478,1000.0,895.495,327.0,157439.0,1358.0,2203.0,1000.0,1.0,5030.0,5028.0,5031.0,5031.0,5031.0,mongodb,1,2,1.0,0.0,2-1.0-0.0-1-mongodb,,,,,,,
158,584.4535359438925,1.0,6.0,0.3506721215663355,0.0,0.0,0.0,1.0,6.0,0.3506721215663355,1000.0,867.002,309.0,126847.0,1460.0,2235.0,1000.0,1.0,4402.0,4400.0,4403.0,4403.0,4403.0,mongodb,1,5,1.0,0.0,5-1.0-0.0-1-mongodb,,,,,,,
159,594.5303210463734,1.0,6.0,0.356718192627824,0.0,0.0,0.0,1.0,6.0,0.356718192627824,1000.0,877.708,293.0,129599.0,1552.0,2603.0,1000.0,1.0,5314.0,5312.0,5315.0,5315.0,5315.0,mongodb,1,7,1.0,0.0,7-1.0-0.0-1-mongodb,,,,,,,
160,594.883997620464,1.0,6.0,0.3569303985722784,0.0,0.0,0.0,1.0,6.0,0.3569303985722784,1000.0,885.734,390.0,124927.0,1445.0,2265.0,1000.0,1.0,4602.0,4600.0,4603.0,4603.0,4603.0,mongodb,1,9,1.0,0.0,9-1.0-0.0-1-mongodb,,,,,,,
161,600.2400960384153,1.0,6.0,0.3601440576230492,0.0,0.0,0.0,1.0,6.0,0.3601440576230492,492.0,961.8861788617886,327.0,117631.0,1392.0,2505.0,492.0,1.0,5298.0,5296.0,5299.0,5299.0,5299.0,mongodb,1,6,0.5,0.5,6-0.5-0.5-1-mongodb,508.0,809.3582677165355,345.0,25551.0,1487.0,2435.0,508.0
162,605.6935190793458,1.0,6.0,0.3634161114476075,0.0,0.0,0.0,1.0,6.0,0.3634161114476075,1000.0,822.11,292.0,130623.0,1334.0,2223.0,1000.0,1.0,4730.0,4728.0,4731.0,4731.0,4731.0,mongodb,1,3,1.0,0.0,3-1.0-0.0-1-mongodb,,,,,,,
163,389.4080996884735,1.0,7.0,0.2725856697819314,0.0,0.0,0.0,1.0,7.0,0.2725856697819314,500.0,1843.194,794.0,155007.0,2749.0,3829.0,500.0,1.0,5658.0,5656.0,5659.0,5659.0,5659.0,mongodb,5,5,0.5,0.5,5-0.5-0.5-5-mongodb,500.0,1626.628,786.0,29215.0,2823.0,4611.0,500.0
164,403.7141703673799,1.0,7.0,0.2825999192571659,0.0,0.0,0.0,1.0,7.0,0.2825999192571659,526.0,1639.9049429657794,824.0,142975.0,2539.0,3535.0,526.0,1.0,10900.0,10896.0,10903.0,10903.0,10903.0,mongodb,7,9,0.5,0.5,9-0.5-0.5-7-mongodb,474.0,1461.1244725738395,839.0,28415.0,2831.0,4009.0,474.0
165,418.41004184100416,1.0,7.0,0.2928870292887029,0.0,0.0,0.0,1.0,7.0,0.2928870292887029,107.0,1964.5981308411212,921.0,34847.0,3387.0,5423.0,107.0,1.0,7234.0,7232.0,7235.0,7235.0,7235.0,mongodb,7,5,0.1,0.9,5-0.1-0.9-7-mongodb,893.0,1546.531914893617,791.0,150271.0,2707.0,4207.0,893.0
166,418.5851820845542,1.0,7.0,0.2930096274591879,0.0,0.0,0.0,1.0,7.0,0.2930096274591879,491.0,1641.6700610997964,753.0,158079.0,2491.0,3633.0,491.0,1.0,5810.0,5808.0,5811.0,5811.0,5811.0,mongodb,3,9,0.5,0.5,9-0.5-0.5-3-mongodb,509.0,1431.2003929273085,752.0,22911.0,2739.0,3545.0,509.0
167,422.2972972972973,1.0,7.0,0.2956081081081081,0.0,0.0,0.0,1.0,7.0,0.2956081081081081,108.0,1647.9907407407406,898.0,29871.0,2449.0,4183.0,108.0,1.0,5630.0,5628.0,5631.0,5631.0,5631.0,mongodb,7,4,0.1,0.9,4-0.1-0.9-7-mongodb,892.0,1484.1434977578476,778.0,132351.0,2435.0,3759.0,892.0
168,424.8088360237893,1.0,7.0,0.2973661852166525,0.0,0.0,0.0,1.0,7.0,0.2973661852166525,503.0,1697.0934393638172,797.0,161407.0,2487.0,3321.0,503.0,1.0,8054.0,8052.0,8055.0,8055.0,8055.0,mongodb,7,1,0.5,0.5,1-0.5-0.5-7-mongodb,497.0,1389.8490945674043,787.0,27103.0,2393.0,3577.0,497.0
169,426.075841499787,1.0,7.0,0.2982530890498509,0.0,0.0,0.0,1.0,7.0,0.2982530890498509,492.0,1322.69918699187,655.0,22623.0,2295.0,3377.0,492.0,1.0,5658.0,5656.0,5659.0,5659.0,5659.0,mongodb,7,0,0.5,0.5,0-0.5-0.5-7-mongodb,508.0,1660.9429133858268,685.0,135935.0,2617.0,4207.0,508.0
170,426.25745950554136,1.0,7.0,0.2983802216538789,0.0,0.0,0.0,1.0,7.0,0.2983802216538789,496.0,1363.975806451613,755.0,39327.0,2313.0,3439.0,496.0,1.0,6346.0,6344.0,6347.0,6347.0,6347.0,mongodb,7,3,0.5,0.5,3-0.5-0.5-7-mongodb,504.0,1624.3650793650793,746.0,139647.0,2391.0,4399.0,504.0
171,427.35042735042737,1.0,7.0,0.2991452991452992,0.0,0.0,0.0,1.0,7.0,0.2991452991452992,499.0,1360.6372745490985,818.0,30287.0,2347.0,3423.0,499.0,1.0,9020.0,9016.0,9023.0,9023.0,9023.0,mongodb,5,2,0.5,0.5,2-0.5-0.5-5-mongodb,501.0,1647.6347305389222,821.0,148607.0,2693.0,4367.0,501.0
172,427.53313381787086,1.0,7.0,0.2992731936725096,0.0,0.0,0.0,1.0,7.0,0.2992731936725096,481.0,1377.3222453222454,795.0,29871.0,2339.0,3521.0,481.0,1.0,6646.0,6644.0,6647.0,6647.0,6647.0,mongodb,3,3,0.5,0.5,3-0.5-0.5-3-mongodb,519.0,1581.5606936416184,836.0,148351.0,2363.0,2987.0,519.0
173,431.40638481449525,1.0,7.0,0.3019844693701466,0.0,0.0,0.0,1.0,7.0,0.3019844693701466,502.0,1362.1693227091637,795.0,30127.0,2301.0,3417.0,502.0,1.0,6550.0,6548.0,6551.0,6551.0,6551.0,mongodb,3,2,0.5,0.5,2-0.5-0.5-3-mongodb,498.0,1612.933734939759,815.0,148991.0,2329.0,3381.0,498.0
174,431.5925766076824,1.0,7.0,0.3021148036253776,0.0,0.0,0.0,1.0,7.0,0.3021148036253776,91.0,1807.6263736263736,955.0,29183.0,3077.0,3751.0,91.0,1.0,7978.0,7976.0,7979.0,7979.0,7979.0,mongodb,3,1,0.1,0.9,1-0.1-0.9-3-mongodb,909.0,1451.4862486248626,758.0,139391.0,2443.0,3443.0,909.0
175,433.4633723450368,1.0,7.0,0.3034243606415258,0.0,0.0,0.0,1.0,7.0,0.3034243606415258,97.0,1649.618556701031,782.0,24831.0,2603.0,3561.0,97.0,1.0,5118.0,5116.0,5119.0,5119.0,5119.0,mongodb,5,5,0.1,0.9,5-0.1-0.9-5-mongodb,903.0,1456.5747508305649,670.0,142335.0,2575.0,3767.0,903.0
176,437.06293706293707,1.0,7.0,0.3059440559440559,0.0,0.0,0.0,1.0,7.0,0.3059440559440559,1000.0,1437.793,741.0,136575.0,2413.0,3617.0,1000.0,1.0,5314.0,5312.0,5315.0,5315.0,5315.0,mongodb,5,1,1.0,0.0,1-1.0-0.0-5-mongodb,,,,,,,
177,437.4453193350831,1.0,7.0,0.3062117235345581,0.0,0.0,0.0,1.0,7.0,0.3062117235345581,101.0,1725.861386138614,870.0,25247.0,2831.0,4675.0,101.0,1.0,5030.0,5028.0,5031.0,5031.0,5031.0,mongodb,7,7,0.1,0.9,7-0.1-0.9-7-mongodb,899.0,1430.0622914349276,707.0,141823.0,2355.0,3481.0,899.0
178,438.4042086804033,1.0,7.0,0.3068829460762823,0.0,0.0,0.0,1.0,7.0,0.3068829460762823,110.0,1748.3636363636365,896.0,38495.0,2459.0,3131.0,110.0,1.0,6414.0,6412.0,6415.0,6415.0,6415.0,mongodb,5,7,0.1,0.9,7-0.1-0.9-5-mongodb,890.0,1415.5370786516853,730.0,141567.0,2263.0,3105.0,890.0
179,440.1408450704225,1.0,7.0,0.3080985915492957,0.0,0.0,0.0,1.0,7.0,0.3080985915492957,114.0,1568.122807017544,860.0,25855.0,2395.0,2837.0,114.0,1.0,6402.0,6400.0,6403.0,6403.0,6403.0,mongodb,3,8,0.1,0.9,8-0.1-0.9-3-mongodb,886.0,1419.5338600451466,770.0,148095.0,2269.0,3153.0,886.0
180,443.4589800443459,1.0,7.0,0.3104212860310421,0.0,0.0,0.0,1.0,7.0,0.3104212860310421,1000.0,1438.731,733.0,146303.0,2463.0,3563.0,1000.0,1.0,8604.0,8600.0,8607.0,8607.0,8607.0,mongodb,5,6,1.0,0.0,6-1.0-0.0-5-mongodb,,,,,,,
181,444.642063139173,1.0,7.0,0.311249444197421,0.0,0.0,0.0,1.0,7.0,0.311249444197421,1000.0,1372.124,762.0,149759.0,2119.0,2971.0,1000.0,1.0,5362.0,5360.0,5363.0,5363.0,5363.0,mongodb,3,9,1.0,0.0,9-1.0-0.0-3-mongodb,,,,,,,
182,445.83147570218455,1.0,7.0,0.3120820329915292,0.0,0.0,0.0,1.0,7.0,0.3120820329915292,79.0,3110.430379746836,919.0,130815.0,2487.0,3839.0,79.0,1.0,5846.0,5844.0,5847.0,5847.0,5847.0,mongodb,3,9,0.1,0.9,9-0.1-0.9-3-mongodb,921.0,1282.4907709011943,743.0,24927.0,2297.0,3551.0,921.0
183,447.6275738585497,1.0,7.0,0.3133393017009848,0.0,0.0,0.0,1.0,7.0,0.3133393017009848,1000.0,1377.185,656.0,151039.0,2225.0,3487.0,1000.0,1.0,5966.0,5964.0,5967.0,5967.0,5967.0,mongodb,5,3,1.0,0.0,3-1.0-0.0-5-mongodb,,,,,,,
184,447.82803403493057,1.0,7.0,0.3134796238244514,0.0,0.0,0.0,1.0,7.0,0.3134796238244514,1000.0,1382.929,698.0,140287.0,2171.0,3293.0,1000.0,1.0,5574.0,5572.0,5575.0,5575.0,5575.0,mongodb,7,3,1.0,0.0,3-1.0-0.0-7-mongodb,,,,,,,
185,450.6534474988734,1.0,7.0,0.3154574132492113,0.0,0.0,0.0,1.0,7.0,0.3154574132492113,1000.0,1357.804,638.0,152831.0,2151.0,3485.0,1000.0,1.0,5190.0,5188.0,5191.0,5191.0,5191.0,mongodb,7,5,1.0,0.0,5-1.0-0.0-7-mongodb,,,,,,,
186,454.3389368468878,1.0,7.0,0.3180372557928214,0.0,0.0,0.0,1.0,7.0,0.3180372557928214,1000.0,1332.098,677.0,137855.0,2111.0,3201.0,1000.0,1.0,5266.0,5264.0,5267.0,5267.0,5267.0,mongodb,7,6,1.0,0.0,6-1.0-0.0-7-mongodb,,,,,,,
187,463.3920296570899,1.0,7.0,0.3243744207599629,0.0,0.0,0.0,1.0,7.0,0.3243744207599629,1000.0,1345.714,655.0,138111.0,2221.0,3239.0,1000.0,1.0,8988.0,8984.0,8991.0,8991.0,8991.0,mongodb,7,2,1.0,0.0,2-1.0-0.0-7-mongodb,,,,,,,
188,468.384074941452,1.0,7.0,0.3278688524590163,0.0,0.0,0.0,1.0,7.0,0.3278688524590163,1000.0,1342.746,690.0,130047.0,2259.0,3287.0,1000.0,1.0,5366.0,5364.0,5367.0,5367.0,5367.0,mongodb,3,2,1.0,0.0,2-1.0-0.0-3-mongodb,,,,,,,
189,574.3825387708214,1.0,7.0,0.402067777139575,0.0,0.0,0.0,1.0,7.0,0.402067777139575,101.0,1087.3366336633662,495.0,26959.0,1555.0,1767.0,101.0,1.0,5566.0,5564.0,5567.0,5567.0,5567.0,mongodb,1,6,0.1,0.9,6-0.1-0.9-1-mongodb,899.0,848.6373748609566,398.0,127935.0,1259.0,1749.0,899.0
190,575.0431282346176,1.0,7.0,0.4025301897642324,0.0,0.0,0.0,1.0,7.0,0.4025301897642324,492.0,809.8739837398374,353.0,31247.0,1463.0,1998.0,492.0,1.0,7070.0,7068.0,7071.0,7071.0,7071.0,mongodb,1,8,0.5,0.5,8-0.5-0.5-1-mongodb,508.0,1050.7992125984251,366.0,136575.0,1520.0,2549.0,508.0
191,579.3742757821552,1.0,7.0,0.4055619930475087,0.0,0.0,0.0,1.0,7.0,0.4055619930475087,478.0,1046.2698744769875,395.0,128639.0,1505.0,2667.0,478.0,1.0,5558.0,5556.0,5559.0,5559.0,5559.0,mongodb,1,7,0.5,0.5,7-0.5-0.5-1-mongodb,522.0,799.3352490421456,371.0,24271.0,1440.0,1986.0,522.0
192,580.3830528148578,1.0,7.0,0.4062681369704005,0.0,0.0,0.0,1.0,7.0,0.4062681369704005,513.0,834.6569200779727,371.0,25327.0,1415.0,2373.0,513.0,1.0,6746.0,6744.0,6747.0,6747.0,6747.0,mongodb,1,1,0.5,0.5,1-0.5-0.5-1-mongodb,487.0,1040.0041067761806,393.0,127103.0,1445.0,2203.0,487.0
193,581.7335660267597,1.0,7.0,0.4072134962187318,0.0,0.0,0.0,1.0,7.0,0.4072134962187318,93.0,1096.537634408602,494.0,28895.0,1323.0,1791.0,93.0,1.0,5354.0,5352.0,5355.0,5355.0,5355.0,mongodb,1,4,0.1,0.9,4-0.1-0.9-1-mongodb,907.0,850.7012127894156,385.0,124927.0,1234.0,2007.0,907.0
194,589.2751915144372,1.0,7.0,0.412492634060106,0.0,0.0,0.0,1.0,7.0,0.412492634060106,1000.0,871.789,353.0,131839.0,1354.0,2399.0,1000.0,1.0,4650.0,4648.0,4651.0,4651.0,4651.0,mongodb,1,1,1.0,0.0,1-1.0-0.0-1-mongodb,,,,,,,
195,612.7450980392157,1.0,7.0,0.428921568627451,0.0,0.0,0.0,1.0,7.0,0.428921568627451,1000.0,824.484,304.0,126207.0,1366.0,2157.0,1000.0,1.0,4650.0,4648.0,4651.0,4651.0,4651.0,mongodb,1,4,1.0,0.0,4-1.0-0.0-1-mongodb,,,,,,,
196,612.7450980392157,1.0,7.0,0.428921568627451,0.0,0.0,0.0,1.0,7.0,0.428921568627451,1000.0,828.216,322.0,132991.0,1271.0,2057.0,1000.0,1.0,7274.0,7272.0,7275.0,7275.0,7275.0,mongodb,1,8,1.0,0.0,8-1.0-0.0-1-mongodb,,,,,,,
197,405.51500405515,1.0,8.0,0.32441200324412,0.0,0.0,0.0,1.0,8.0,0.32441200324412,96.0,1820.8333333333333,933.0,28319.0,3053.0,4303.0,96.0,1.0,9964.0,9960.0,9967.0,9967.0,9967.0,mongodb,7,0,0.1,0.9,0-0.1-0.9-7-mongodb,904.0,1481.4402654867256,705.0,134015.0,2391.0,3445.0,904.0
198,407.49796251018745,1.0,8.0,0.3259983700081499,0.0,0.0,0.0,1.0,8.0,0.3259983700081499,93.0,1824.1182795698924,835.0,27391.0,2749.0,4547.0,93.0,1.0,6142.0,6140.0,6143.0,6143.0,6143.0,mongodb,7,8,0.1,0.9,8-0.1-0.9-7-mongodb,907.0,1541.7486218302097,721.0,133887.0,2715.0,4359.0,907.0
199,418.7604690117253,1.0,8.0,0.3350083752093802,0.0,0.0,0.0,1.0,8.0,0.3350083752093802,497.0,1411.0040241448692,800.0,31887.0,2423.0,3299.0,497.0,1.0,4826.0,4824.0,4827.0,4827.0,4827.0,mongodb,3,5,0.5,0.5,5-0.5-0.5-3-mongodb,503.0,1663.2922465208746,800.0,131583.0,2487.0,3609.0,503.0
200,429.1845493562232,1.0,8.0,0.3433476394849785,0.0,0.0,0.0,1.0,8.0,0.3433476394849785,477.0,1560.4025157232704,805.0,128703.0,2409.0,3039.0,477.0,1.0,5542.0,5540.0,5543.0,5543.0,5543.0,mongodb,5,4,0.5,0.5,4-0.5-0.5-5-mongodb,523.0,1369.0286806883364,784.0,25487.0,2749.0,3609.0,523.0
201,430.1075268817205,1.0,8.0,0.3440860215053763,0.0,0.0,0.0,1.0,8.0,0.3440860215053763,1000.0,1454.75,664.0,144895.0,2341.0,3817.0,1000.0,1.0,6650.0,6648.0,6651.0,6651.0,6651.0,mongodb,5,0,1.0,0.0,0-1.0-0.0-5-mongodb,,,,,,,
202,432.7131112072696,1.0,8.0,0.3461704889658156,0.0,0.0,0.0,1.0,8.0,0.3461704889658156,95.0,2910.821052631579,896.0,148479.0,2347.0,2963.0,95.0,1.0,6398.0,6396.0,6399.0,6399.0,6399.0,mongodb,5,2,0.1,0.9,2-0.1-0.9-5-mongodb,905.0,1300.9723756906078,777.0,24943.0,2359.0,3323.0,905.0
203,438.02014892685065,1.0,8.0,0.3504161191414805,0.0,0.0,0.0,1.0,8.0,0.3504161191414805,106.0,1672.698113207547,890.0,28447.0,2485.0,3165.0,106.0,1.0,5442.0,5440.0,5443.0,5443.0,5443.0,mongodb,3,6,0.1,0.9,6-0.1-0.9-3-mongodb,894.0,1422.5111856823266,689.0,161791.0,2163.0,3419.0,894.0
204,440.9171075837742,1.0,8.0,0.3527336860670194,0.0,0.0,0.0,1.0,8.0,0.3527336860670194,117.0,1648.7094017094016,878.0,24719.0,2273.0,4203.0,117.0,1.0,5146.0,5144.0,5147.0,5147.0,5147.0,mongodb,3,2,0.1,0.9,2-0.1-0.9-3-mongodb,883.0,1441.7995469988675,780.0,130367.0,2469.0,3863.0,883.0
205,444.642063139173,1.0,8.0,0.3557136505113383,0.0,0.0,0.0,1.0,8.0,0.3557136505113383,107.0,1769.9345794392525,891.0,30431.0,2763.0,3547.0,107.0,1.0,10300.0,10296.0,10303.0,10303.0,10303.0,mongodb,3,4,0.1,0.9,4-0.1-0.9-3-mongodb,893.0,1457.7278835386337,772.0,141311.0,2321.0,3473.0,893.0
206,445.2359750667854,1.0,8.0,0.3561887800534283,0.0,0.0,0.0,1.0,8.0,0.3561887800534283,1000.0,1413.406,652.0,165247.0,2403.0,3931.0,1000.0,1.0,4898.0,4896.0,4899.0,4899.0,4899.0,mongodb,5,2,1.0,0.0,2-1.0-0.0-5-mongodb,,,,,,,
207,454.54545454545456,1.0,8.0,0.3636363636363636,0.0,0.0,0.0,1.0,8.0,0.3636363636363636,1000.0,1395.46,725.0,126015.0,2509.0,3871.0,1000.0,1.0,5354.0,5352.0,5355.0,5355.0,5355.0,mongodb,7,0,1.0,0.0,0-1.0-0.0-7-mongodb,,,,,,,
208,455.99635202918375,1.0,8.0,0.364797081623347,0.0,0.0,0.0,1.0,8.0,0.364797081623347,1000.0,1357.638,704.0,141311.0,2209.0,3205.0,1000.0,1.0,8130.0,8128.0,8131.0,8131.0,8131.0,mongodb,3,6,1.0,0.0,6-1.0-0.0-3-mongodb,,,,,,,
209,463.1773969430292,1.0,8.0,0.3705419175544233,0.0,0.0,0.0,1.0,8.0,0.3705419175544233,1000.0,1333.91,733.0,143103.0,2229.0,3391.0,1000.0,1.0,5874.0,5872.0,5875.0,5875.0,5875.0,mongodb,3,5,1.0,0.0,5-1.0-0.0-3-mongodb,,,,,,,
210,566.2514156285391,1.0,8.0,0.4530011325028313,0.0,0.0,0.0,1.0,8.0,0.4530011325028313,1000.0,898.883,325.0,142463.0,1544.0,2349.0,1000.0,1.0,5990.0,5988.0,5991.0,5991.0,5991.0,mongodb,1,0,1.0,0.0,0-1.0-0.0-1-mongodb,,,,,,,
211,572.0823798627002,1.0,8.0,0.4576659038901602,0.0,0.0,0.0,1.0,8.0,0.4576659038901602,461.0,1035.0260303687637,382.0,130047.0,1307.0,2159.0,461.0,1.0,6186.0,6184.0,6187.0,6187.0,6187.0,mongodb,1,3,0.5,0.5,3-0.5-0.5-1-mongodb,539.0,832.5844155844156,384.0,26031.0,1536.0,2635.0,539.0
212,578.0346820809249,1.0,8.0,0.4624277456647399,0.0,0.0,0.0,1.0,8.0,0.4624277456647399,98.0,1099.9183673469388,512.0,25615.0,1513.0,2625.0,98.0,1.0,9468.0,9464.0,9471.0,9471.0,9471.0,mongodb,1,2,0.1,0.9,2-0.1-0.9-1-mongodb,902.0,911.1651884700664,424.0,163839.0,1338.0,2183.0,902.0
213,584.7953216374269,1.0,8.0,0.4678362573099415,0.0,0.0,0.0,1.0,8.0,0.4678362573099415,492.0,966.5650406504066,410.0,121599.0,1442.0,1973.0,492.0,1.0,5410.0,5408.0,5411.0,5411.0,5411.0,mongodb,1,9,0.5,0.5,9-0.5-0.5-1-mongodb,508.0,822.5728346456693,417.0,27599.0,1404.0,2155.0,508.0
214,598.0861244019138,1.0,8.0,0.4784688995215311,0.0,0.0,0.0,1.0,8.0,0.4784688995215311,1000.0,822.539,295.0,125311.0,1322.0,2043.0,1000.0,1.0,4390.0,4388.0,4391.0,4391.0,4391.0,mongodb,1,6,1.0,0.0,6-1.0-0.0-1-mongodb,,,,,,,
215,412.0313143798929,1.0,9.0,0.3708281829419036,0.0,0.0,0.0,1.0,9.0,0.3708281829419036,460.0,1426.004347826087,777.0,29807.0,2441.0,3617.0,460.0,1.0,5234.0,5232.0,5235.0,5235.0,5235.0,mongodb,5,8,0.5,0.5,8-0.5-0.5-5-mongodb,540.0,1688.7333333333331,790.0,164095.0,2579.0,3907.0,540.0
216,415.28239202657807,1.0,9.0,0.3737541528239202,0.0,0.0,0.0,1.0,9.0,0.3737541528239202,485.0,1377.012371134021,816.0,29279.0,2295.0,3027.0,485.0,1.0,5846.0,5844.0,5847.0,5847.0,5847.0,mongodb,3,8,0.5,0.5,8-0.5-0.5-3-mongodb,515.0,1740.388349514563,821.0,162943.0,2737.0,3959.0,515.0
217,425.89437819420783,1.0,9.0,0.3833049403747871,0.0,0.0,0.0,1.0,9.0,0.3833049403747871,494.0,1359.9554655870445,772.0,27519.0,2457.0,3621.0,494.0,1.0,6070.0,6068.0,6071.0,6071.0,6071.0,mongodb,3,6,0.5,0.5,6-0.5-0.5-3-mongodb,506.0,1569.009881422925,776.0,136959.0,2503.0,3421.0,506.0
218,431.5925766076824,1.0,9.0,0.3884333189469141,0.0,0.0,0.0,1.0,9.0,0.3884333189469141,94.0,1792.8297872340424,868.0,29695.0,2895.0,4991.0,94.0,1.0,5598.0,5596.0,5599.0,5599.0,5599.0,mongodb,7,1,0.1,0.9,1-0.1-0.9-7-mongodb,906.0,1455.0364238410596,755.0,136703.0,2543.0,3633.0,906.0
219,451.05999097880016,1.0,9.0,0.4059539918809201,0.0,0.0,0.0,1.0,9.0,0.4059539918809201,1000.0,1401.991,648.0,160383.0,2339.0,3453.0,1000.0,1.0,5130.0,5128.0,5131.0,5131.0,5131.0,mongodb,5,9,1.0,0.0,9-1.0-0.0-5-mongodb,,,,,,,
220,455.99635202918375,1.0,9.0,0.4103967168262654,0.0,0.0,0.0,1.0,9.0,0.4103967168262654,1000.0,1351.602,662.0,152959.0,2223.0,3257.0,1000.0,1.0,6282.0,6280.0,6283.0,6283.0,6283.0,mongodb,5,5,1.0,0.0,5-1.0-0.0-5-mongodb,,,,,,,
221,456.6210045662101,1.0,9.0,0.410958904109589,0.0,0.0,0.0,1.0,9.0,0.410958904109589,114.0,1288.938596491228,572.0,21375.0,1795.0,5235.0,114.0,1.0,4017.0,4016.0,4017.0,4017.0,4017.0,mongodb,1,8,0.1,0.9,8-0.1-0.9-1-mongodb,886.0,1172.7979683972912,402.0,158207.0,1922.0,2735.0,886.0
222,466.2004662004662,1.0,9.0,0.4195804195804196,0.0,0.0,0.0,1.0,9.0,0.4195804195804196,1000.0,1339.34,694.0,157311.0,2215.0,3337.0,1000.0,1.0,5250.0,5248.0,5251.0,5251.0,5251.0,mongodb,3,4,1.0,0.0,4-1.0-0.0-3-mongodb,,,,,,,
223,553.7098560354374,1.0,9.0,0.4983388704318937,0.0,0.0,0.0,1.0,9.0,0.4983388704318937,102.0,1103.8235294117646,459.0,27007.0,1357.0,2445.0,102.0,1.0,5326.0,5324.0,5327.0,5327.0,5327.0,mongodb,1,0,0.1,0.9,0-0.1-0.9-1-mongodb,898.0,868.9721603563474,338.0,126847.0,1278.0,2007.0,898.0
224,584.1121495327103,1.0,9.0,0.5257009345794392,0.0,0.0,0.0,1.0,9.0,0.5257009345794392,93.0,1153.279569892473,447.0,26655.0,1587.0,3443.0,93.0,1.0,5206.0,5204.0,5207.0,5207.0,5207.0,mongodb,1,3,0.1,0.9,3-0.1-0.9-1-mongodb,907.0,837.7673649393605,385.0,127295.0,1277.0,1771.0,907.0
225,431.22035360069,1.0,10.0,0.4312203536006899,0.0,0.0,0.0,1.0,10.0,0.4312203536006899,100.0,1824.83,896.0,28079.0,2869.0,4491.0,100.0,1.0,5786.0,5784.0,5787.0,5787.0,5787.0,mongodb,5,6,0.1,0.9,6-0.1-0.9-5-mongodb,900.0,1486.9,770.0,139135.0,2565.0,3735.0,900.0
226,435.35045711798,1.0,10.0,0.43535045711798,0.0,0.0,0.0,1.0,10.0,0.43535045711798,105.0,1723.295238095238,867.0,30463.0,2839.0,4487.0,105.0,1.0,6030.0,6028.0,6031.0,6031.0,6031.0,mongodb,3,5,0.1,0.9,5-0.1-0.9-3-mongodb,895.0,1436.5251396648046,762.0,143487.0,2443.0,3681.0,895.0
227,445.63279857397504,1.0,10.0,0.4456327985739751,0.0,0.0,0.0,1.0,10.0,0.4456327985739751,98.0,1651.0,880.0,30479.0,2059.0,3965.0,98.0,1.0,5382.0,5380.0,5383.0,5383.0,5383.0,mongodb,3,3,0.1,0.9,3-0.1-0.9-3-mongodb,902.0,1371.313747228381,770.0,137727.0,2195.0,3419.0,902.0
228,446.4285714285714,1.0,10.0,0.4464285714285714,0.0,0.0,0.0,1.0,10.0,0.4464285714285714,1000.0,1462.342,662.0,170239.0,2711.0,3963.0,1000.0,1.0,5486.0,5484.0,5487.0,5487.0,5487.0,mongodb,5,4,1.0,0.0,4-1.0-0.0-5-mongodb,,,,,,,
229,451.05999097880016,1.0,10.0,0.4510599909788002,0.0,0.0,0.0,1.0,10.0,0.4510599909788002,1000.0,1359.246,662.0,137343.0,2187.0,3049.0,1000.0,1.0,7378.0,7376.0,7379.0,7379.0,7379.0,mongodb,7,9,1.0,0.0,9-1.0-0.0-7-mongodb,,,,,,,
230,451.4672686230248,1.0,10.0,0.4514672686230248,0.0,0.0,0.0,1.0,10.0,0.4514672686230248,89.0,1551.123595505618,776.0,29567.0,1943.0,2541.0,89.0,1.0,5874.0,5872.0,5875.0,5875.0,5875.0,mongodb,3,7,0.1,0.9,7-0.1-0.9-3-mongodb,911.0,1366.1470911086717,710.0,140415.0,2343.0,3315.0,911.0
231,556.1735261401557,1.0,10.0,0.5561735261401557,0.0,0.0,0.0,1.0,10.0,0.5561735261401557,110.0,1154.2,513.0,29487.0,1811.0,3327.0,110.0,1.0,6090.0,6088.0,6091.0,6091.0,6091.0,mongodb,1,1,0.1,0.9,1-0.1-0.9-1-mongodb,890.0,938.5842696629212,364.0,124095.0,1604.0,2325.0,890.0
232,419.2872117400419,1.0,11.0,0.4612159329140461,0.0,0.0,0.0,1.0,11.0,0.4612159329140461,503.0,1437.2723658051689,795.0,28015.0,2651.0,4547.0,503.0,1.0,7734.0,7732.0,7735.0,7735.0,7735.0,mongodb,5,6,0.5,0.5,6-0.5-0.5-5-mongodb,497.0,1647.4325955734407,790.0,144767.0,2587.0,3721.0,497.0
233,451.6711833785005,1.0,11.0,0.4968383017163504,0.0,0.0,0.0,1.0,11.0,0.4968383017163504,1000.0,1374.87,684.0,151551.0,2355.0,3421.0,1000.0,1.0,7174.0,7172.0,7175.0,7175.0,7175.0,mongodb,7,4,1.0,0.0,4-1.0-0.0-7-mongodb,,,,,,,
234,598.8023952095808,1.0,11.0,0.6586826347305389,0.0,0.0,0.0,1.0,11.0,0.6586826347305389,104.0,1078.2884615384614,456.0,26047.0,1571.0,3125.0,104.0,1.0,5458.0,5456.0,5459.0,5459.0,5459.0,mongodb,1,5,0.1,0.9,5-0.1-0.9-1-mongodb,896.0,835.5959821428571,338.0,133375.0,1332.0,1944.0,896.0
235,402.2526146419952,1.0,12.0,0.4827031375703942,0.0,0.0,0.0,1.0,12.0,0.4827031375703942,491.0,1453.5845213849286,747.0,36639.0,2481.0,3677.0,491.0,1.0,5774.0,5772.0,5775.0,5775.0,5775.0,mongodb,7,7,0.5,0.5,7-0.5-0.5-7-mongodb,509.0,1692.9214145383105,788.0,147967.0,2659.0,4163.0,509.0
236,417.8854993731717,1.0,12.0,0.5014625992478061,0.0,0.0,0.0,1.0,12.0,0.5014625992478061,468.0,1676.929487179487,740.0,144767.0,2507.0,3623.0,468.0,1.0,6142.0,6140.0,6143.0,6143.0,6143.0,mongodb,7,5,0.5,0.5,5-0.5-0.5-7-mongodb,532.0,1425.3853383458647,738.0,29999.0,2501.0,3919.0,532.0
237,417.8854993731717,1.0,12.0,0.5014625992478061,0.0,0.0,0.0,1.0,12.0,0.5014625992478061,504.0,1433.861111111111,790.0,27871.0,2649.0,3441.0,504.0,1.0,8540.0,8536.0,8543.0,8543.0,8543.0,mongodb,3,7,0.5,0.5,7-0.5-0.5-3-mongodb,496.0,1674.1915322580646,792.0,136191.0,2599.0,3909.0,496.0
238,457.8754578754578,1.0,12.0,0.5494505494505495,0.0,0.0,0.0,1.0,12.0,0.5494505494505495,1000.0,1325.395,709.0,134783.0,2195.0,3201.0,1000.0,1.0,5370.0,5368.0,5371.0,5371.0,5371.0,mongodb,7,1,1.0,0.0,1-1.0-0.0-7-mongodb,,,,,,,
239,422.654268808115,1.0,13.0,0.5494505494505495,0.0,0.0,0.0,1.0,13.0,0.5494505494505495,477.0,1673.7735849056603,742.0,172287.0,2485.0,3511.0,477.0,1.0,4790.0,4788.0,4791.0,4791.0,4791.0,mongodb,7,8,0.5,0.5,8-0.5-0.5-7-mongodb,523.0,1384.625239005736,770.0,26335.0,2631.0,3613.0,523.0
